date,股票,isPartial
2024-09-01 08:00:00+08:00,0.0,0.0
2024-09-01 09:00:00+08:00,20.0,0.0
2024-09-01 10:00:00+08:00,16.0,0.0
2024-09-01 11:00:00+08:00,14.000000000000002,0.0
2024-09-01 12:00:00+08:00,14.000000000000002,0.0
2024-09-01 13:00:00+08:00,15.0,0.0
2024-09-01 14:00:00+08:00,9.0,0.0
2024-09-01 15:00:00+08:00,12.0,0.0
2024-09-01 16:00:00+08:00,15.0,0.0
2024-09-01 17:00:00+08:00,11.0,0.0
2024-09-01 18:00:00+08:00,12.0,0.0
2024-09-01 19:00:00+08:00,18.0,0.0
2024-09-01 20:00:00+08:00,12.0,0.0
2024-09-01 21:00:00+08:00,18.0,0.0
2024-09-01 22:00:00+08:00,18.0,0.0
2024-09-01 23:00:00+08:00,19.0,0.0
2024-09-02 00:00:00+08:00,16.0,0.0
2024-09-02 01:00:00+08:00,0.0,0.0
2024-09-02 02:00:00+08:00,0.0,0.0
2024-09-02 03:00:00+08:00,0.0,0.0
2024-09-02 04:00:00+08:00,0.0,0.0
2024-09-02 05:00:00+08:00,0.0,0.0
2024-09-02 06:00:00+08:00,0.0,0.0
2024-09-02 07:00:00+08:00,21.0,0.0
2024-09-02 08:00:00+08:00,33.0,0.0
2024-09-02 09:00:00+08:00,91.0,0.0
2024-09-02 10:00:00+08:00,62.0,0.0
2024-09-02 11:00:00+08:00,52.0,0.0
2024-09-02 12:00:00+08:00,62.0,0.0
2024-09-02 13:00:00+08:00,52.0,0.0
2024-09-02 14:00:00+08:00,33.0,0.0
2024-09-02 15:00:00+08:00,28.000000000000004,0.0
2024-09-02 16:00:00+08:00,23.0,0.0
2024-09-02 17:00:00+08:00,17.0,0.0
2024-09-02 18:00:00+08:00,19.0,0.0
2024-09-02 19:00:00+08:00,26.0,0.0
2024-09-02 20:00:00+08:00,21.0,0.0
2024-09-02 21:00:00+08:00,17.0,0.0
2024-09-02 22:00:00+08:00,20.0,0.0
2024-09-02 23:00:00+08:00,17.0,0.0
2024-09-03 00:00:00+08:00,19.0,0.0
2024-09-03 01:00:00+08:00,28.999999999999996,0.0
2024-09-03 02:00:00+08:00,0.0,0.0
2024-09-03 03:00:00+08:00,0.0,0.0
2024-09-03 04:00:00+08:00,0.0,0.0
2024-09-03 05:00:00+08:00,0.0,0.0
2024-09-03 06:00:00+08:00,22.0,0.0
2024-09-03 07:00:00+08:00,31.0,0.0
2024-09-03 08:00:00+08:00,26.0,0.0
2024-09-03 09:00:00+08:00,76.0,0.0
2024-09-03 10:00:00+08:00,59.0,0.0
2024-09-03 11:00:00+08:00,48.0,0.0
2024-09-03 12:00:00+08:00,53.0,0.0
2024-09-03 13:00:00+08:00,52.0,0.0
2024-09-03 14:00:00+08:00,31.0,0.0
2024-09-03 15:00:00+08:00,19.0,0.0
2024-09-03 16:00:00+08:00,22.0,0.0
2024-09-03 17:00:00+08:00,19.0,0.0
2024-09-03 18:00:00+08:00,20.0,0.0
2024-09-03 19:00:00+08:00,21.0,0.0
2024-09-03 20:00:00+08:00,20.0,0.0
2024-09-03 21:00:00+08:00,24.0,0.0
2024-09-03 22:00:00+08:00,28.999999999999996,0.0
2024-09-03 23:00:00+08:00,25.0,0.0
2024-09-04 00:00:00+08:00,22.0,0.0
2024-09-04 01:00:00+08:00,32.0,0.0
2024-09-04 02:00:00+08:00,42.0,0.0
2024-09-04 03:00:00+08:00,0.0,0.0
2024-09-04 04:00:00+08:00,0.0,0.0
2024-09-04 05:00:00+08:00,0.0,0.0
2024-09-04 06:00:00+08:00,38.0,0.0
2024-09-04 07:00:00+08:00,28.999999999999996,0.0
2024-09-04 08:00:00+08:00,28.999999999999996,0.0
2024-09-04 09:00:00+08:00,100.0,0.0
2024-09-04 10:00:00+08:00,61.0,0.0
2024-09-04 11:00:00+08:00,65.0,0.0
2024-09-04 12:00:00+08:00,70.0,0.0
2024-09-04 13:00:00+08:00,56.99999999999999,0.0
2024-09-04 14:00:00+08:00,37.0,0.0
2024-09-04 15:00:00+08:00,31.0,0.0
2024-09-04 16:00:00+08:00,28.999999999999996,0.0
2024-09-04 17:00:00+08:00,24.0,0.0
2024-09-04 18:00:00+08:00,24.0,0.0
2024-09-04 19:00:00+08:00,25.0,0.0
2024-09-04 20:00:00+08:00,22.0,0.0
2024-09-04 21:00:00+08:00,20.0,0.0
2024-09-04 22:00:00+08:00,35.0,0.0
2024-09-04 23:00:00+08:00,28.999999999999996,0.0
2024-09-05 00:00:00+08:00,18.0,0.0
2024-09-05 01:00:00+08:00,20.0,0.0
2024-09-05 02:00:00+08:00,0.0,0.0
2024-09-05 03:00:00+08:00,0.0,0.0
2024-09-05 04:00:00+08:00,0.0,0.0
2024-09-05 05:00:00+08:00,0.0,0.0
2024-09-05 06:00:00+08:00,49.0,0.0
2024-09-05 07:00:00+08:00,28.999999999999996,0.0
2024-09-05 08:00:00+08:00,28.999999999999996,0.0
2024-09-05 09:00:00+08:00,81.0,0.0
2024-09-05 10:00:00+08:00,60.0,0.0
2024-09-05 11:00:00+08:00,52.0,0.0
2024-09-05 12:00:00+08:00,59.0,0.0
2024-09-05 13:00:00+08:00,54.0,0.0
2024-09-05 14:00:00+08:00,31.0,0.0
2024-09-05 15:00:00+08:00,22.0,0.0
2024-09-05 16:00:00+08:00,22.0,0.0
2024-09-05 17:00:00+08:00,17.0,0.0
2024-09-05 18:00:00+08:00,24.0,0.0
2024-09-05 19:00:00+08:00,17.0,0.0
2024-09-05 20:00:00+08:00,16.0,0.0
2024-09-05 21:00:00+08:00,20.0,0.0
2024-09-05 22:00:00+08:00,19.0,0.0
2024-09-05 23:00:00+08:00,28.999999999999996,0.0
2024-09-06 00:00:00+08:00,15.0,0.0
2024-09-06 01:00:00+08:00,21.0,0.0
2024-09-06 02:00:00+08:00,22.0,0.0
2024-09-06 03:00:00+08:00,0.0,0.0
2024-09-06 04:00:00+08:00,0.0,0.0
2024-09-06 05:00:00+08:00,0.0,0.0
2024-09-06 06:00:00+08:00,0.0,0.0
2024-09-06 07:00:00+08:00,21.0,0.0
2024-09-06 08:00:00+08:00,25.0,0.0
2024-09-06 09:00:00+08:00,76.0,0.0
2024-09-06 10:00:00+08:00,57.99999999999999,0.0
2024-09-06 11:00:00+08:00,55.00000000000001,0.0
2024-09-06 12:00:00+08:00,50.0,0.0
2024-09-06 13:00:00+08:00,47.0,0.0
2024-09-06 14:00:00+08:00,31.0,0.0
2024-09-06 15:00:00+08:00,26.0,0.0
2024-09-06 16:00:00+08:00,16.0,0.0
2024-09-06 17:00:00+08:00,18.0,0.0
2024-09-06 18:00:00+08:00,15.0,0.0
2024-09-06 19:00:00+08:00,18.0,0.0
2024-09-06 20:00:00+08:00,15.0,0.0
2024-09-06 21:00:00+08:00,16.0,0.0
2024-09-06 22:00:00+08:00,21.0,0.0
2024-09-06 23:00:00+08:00,24.0,0.0
2024-09-07 00:00:00+08:00,23.0,0.0
2024-09-07 01:00:00+08:00,15.0,0.0
2024-09-07 02:00:00+08:00,0.0,0.0
2024-09-07 03:00:00+08:00,0.0,0.0
2024-09-07 04:00:00+08:00,0.0,0.0
2024-09-07 05:00:00+08:00,0.0,0.0
2024-09-07 06:00:00+08:00,0.0,0.0
2024-09-07 07:00:00+08:00,20.0,0.0
2024-09-07 08:00:00+08:00,14.000000000000002,0.0
2024-09-07 09:00:00+08:00,17.0,0.0
2024-09-07 10:00:00+08:00,18.0,0.0
2024-09-07 11:00:00+08:00,16.0,0.0
2024-09-07 12:00:00+08:00,12.0,0.0
2024-09-07 13:00:00+08:00,10.0,0.0
2024-09-07 14:00:00+08:00,6.0,0.0
2024-09-07 15:00:00+08:00,11.0,0.0
2024-09-07 16:00:00+08:00,15.0,0.0
2024-09-07 17:00:00+08:00,14.000000000000002,0.0
2024-09-07 18:00:00+08:00,13.0,0.0
2024-09-07 19:00:00+08:00,11.0,0.0
2024-09-07 20:00:00+08:00,10.0,0.0
2024-09-07 21:00:00+08:00,15.0,0.0
2024-09-07 22:00:00+08:00,14.000000000000002,0.0
2024-09-07 23:00:00+08:00,9.0,0.0
2024-09-08 00:00:00+08:00,9.0,0.0
2024-09-08 01:00:00+08:00,17.0,0.0
2024-09-08 02:00:00+08:00,0.0,0.0
2024-09-08 03:00:00+08:00,0.0,0.0
2024-09-08 04:00:00+08:00,0.0,0.0
2024-09-08 05:00:00+08:00,0.0,0.0
2024-09-08 06:00:00+08:00,0.0,0.0
2024-09-08 07:00:00+08:00,0.0,0.0
2024-09-08 08:00:00+08:00,17.0,0.0
2024-09-08 09:00:00+08:00,14.000000000000002,0.0
2024-09-08 10:00:00+08:00,13.0,0.0
2024-09-08 11:00:00+08:00,11.0,0.0
2024-09-08 12:00:00+08:00,7.000000000000001,0.0
2024-09-08 13:00:00+08:00,11.0,0.0
2024-09-08 14:00:00+08:00,11.0,0.0
2024-09-08 15:00:00+08:00,13.0,0.0
2024-09-08 16:00:00+08:00,11.0,0.0
2024-09-08 17:00:00+08:00,10.0,0.0
2024-09-08 18:00:00+08:00,11.0,0.0
2024-09-08 19:00:00+08:00,12.0,0.0
2024-09-08 20:00:00+08:00,11.0,0.0
2024-09-08 21:00:00+08:00,12.0,0.0
2024-09-08 22:00:00+08:00,12.0,0.0
2024-09-08 23:00:00+08:00,7.000000000000001,0.0
2024-09-09 00:00:00+08:00,16.0,0.0
2024-09-09 01:00:00+08:00,0.0,0.0
2024-09-09 02:00:00+08:00,0.0,0.0
2024-09-09 03:00:00+08:00,0.0,0.0
2024-09-09 04:00:00+08:00,0.0,0.0
2024-09-09 05:00:00+08:00,0.0,0.0
2024-09-09 06:00:00+08:00,0.0,0.0
2024-09-09 07:00:00+08:00,17.0,0.0
2024-09-09 08:00:00+08:00,24.0,0.0
2024-09-09 09:00:00+08:00,77.85123966942149,0.0
2024-09-09 10:00:00+08:00,57.609917355371906,0.0
2024-09-09 11:00:00+08:00,49.824793388429754,0.0
2024-09-09 12:00:00+08:00,50.60330578512398,0.0
2024-09-09 13:00:00+08:00,49.046280991735536,0.0
2024-09-09 14:00:00+08:00,29.583471074380167,0.0
2024-09-09 15:00:00+08:00,27.24793388429752,0.0
2024-09-09 16:00:00+08:00,25.69090909090909,0.0
2024-09-09 17:00:00+08:00,21.0198347107438,0.0
2024-09-09 18:00:00+08:00,12.456198347107438,0.0
2024-09-09 19:00:00+08:00,18.684297520661158,0.0
2024-09-09 20:00:00+08:00,10.120661157024793,0.0
2024-09-09 21:00:00+08:00,20.241322314049587,0.0
2024-09-09 22:00:00+08:00,24.912396694214877,0.0
2024-09-09 23:00:00+08:00,17.12727272727273,0.0
2024-09-10 00:00:00+08:00,23.355371900826448,0.0
2024-09-10 01:00:00+08:00,16.348760330578514,0.0
2024-09-10 02:00:00+08:00,0.0,0.0
2024-09-10 03:00:00+08:00,0.0,0.0
2024-09-10 04:00:00+08:00,0.0,0.0
2024-09-10 05:00:00+08:00,0.0,0.0
2024-09-10 06:00:00+08:00,26.469421487603306,0.0
2024-09-10 07:00:00+08:00,32.69752066115703,0.0
2024-09-10 08:00:00+08:00,21.79834710743802,0.0
2024-09-10 09:00:00+08:00,68.50909090909092,0.0
2024-09-10 10:00:00+08:00,47.48925619834711,0.0
2024-09-10 11:00:00+08:00,49.824793388429754,0.0
2024-09-10 12:00:00+08:00,57.609917355371906,0.0
2024-09-10 13:00:00+08:00,53.71735537190083,0.0
2024-09-10 14:00:00+08:00,28.026446280991735,0.0
2024-09-10 15:00:00+08:00,24.912396694214877,0.0
2024-09-10 16:00:00+08:00,20.241322314049587,0.0
2024-09-10 17:00:00+08:00,21.0198347107438,0.0
2024-09-10 18:00:00+08:00,15.570247933884298,0.0
2024-09-10 19:00:00+08:00,21.79834710743802,0.0
2024-09-10 20:00:00+08:00,16.348760330578514,0.0
2024-09-10 21:00:00+08:00,19.462809917355372,0.0
2024-09-10 22:00:00+08:00,24.133884297520662,0.0
2024-09-10 23:00:00+08:00,23.355371900826448,0.0
2024-09-11 00:00:00+08:00,17.12727272727273,0.0
2024-09-11 01:00:00+08:00,20.241322314049587,0.0
2024-09-11 02:00:00+08:00,24.912396694214877,0.0
2024-09-11 03:00:00+08:00,0.0,0.0
2024-09-11 04:00:00+08:00,0.0,0.0
2024-09-11 05:00:00+08:00,0.0,0.0
2024-09-11 06:00:00+08:00,31.140495867768596,0.0
2024-09-11 07:00:00+08:00,29.583471074380167,0.0
2024-09-11 08:00:00+08:00,14.791735537190084,0.0
2024-09-11 09:00:00+08:00,75.51570247933884,0.0
2024-09-11 10:00:00+08:00,49.824793388429754,0.0
2024-09-11 11:00:00+08:00,49.824793388429754,0.0
2024-09-11 12:00:00+08:00,57.609917355371906,0.0
2024-09-11 13:00:00+08:00,45.15371900826447,0.0
2024-09-11 14:00:00+08:00,30.36198347107438,0.0
2024-09-11 15:00:00+08:00,24.133884297520662,0.0
2024-09-11 16:00:00+08:00,21.0198347107438,0.0
2024-09-11 17:00:00+08:00,18.684297520661158,0.0
2024-09-11 18:00:00+08:00,15.570247933884298,0.0
2024-09-11 19:00:00+08:00,17.12727272727273,0.0
2024-09-11 20:00:00+08:00,21.79834710743802,0.0
2024-09-11 21:00:00+08:00,21.79834710743802,0.0
2024-09-11 22:00:00+08:00,27.24793388429752,0.0
2024-09-11 23:00:00+08:00,21.79834710743802,0.0
2024-09-12 00:00:00+08:00,19.462809917355372,0.0
2024-09-12 01:00:00+08:00,17.905785123966943,0.0
2024-09-12 02:00:00+08:00,0.0,0.0
2024-09-12 03:00:00+08:00,41.26115702479339,0.0
2024-09-12 04:00:00+08:00,0.0,0.0
2024-09-12 05:00:00+08:00,0.0,0.0
2024-09-12 06:00:00+08:00,0.0,0.0
2024-09-12 07:00:00+08:00,28.804958677685953,0.0
2024-09-12 08:00:00+08:00,32.69752066115703,0.0
2024-09-12 09:00:00+08:00,81.18491995753274,0.0
2024-09-12 10:00:00+08:00,57.641293169848254,0.0
2024-09-12 11:00:00+08:00,55.205745571122264,0.0
2024-09-12 12:00:00+08:00,52.77019797239628,0.0
2024-09-12 13:00:00+08:00,50.3346503736703,0.0
2024-09-12 14:00:00+08:00,38.968761579615716,0.0
2024-09-12 15:00:00+08:00,28.41472198513646,0.0
2024-09-12 16:00:00+08:00,25.979174386410474,0.0
2024-09-12 17:00:00+08:00,21.91992838853384,0.0
2024-09-12 18:00:00+08:00,23.543626787684495,0.0
2024-09-12 19:00:00+08:00,19.484380789807858,0.0
2024-09-12 20:00:00+08:00,26.79102358598581,0.0
2024-09-12 21:00:00+08:00,24.355475987259823,0.0
2024-09-12 22:00:00+08:00,26.79102358598581,0.0
2024-09-12 23:00:00+08:00,25.16732518683515,0.0
2024-09-13 00:00:00+08:00,18.67253159023253,0.0
2024-09-13 01:00:00+08:00,17.048833191081876,0.0
2024-09-13 02:00:00+08:00,0.0,0.0
2024-09-13 03:00:00+08:00,0.0,0.0
2024-09-13 04:00:00+08:00,0.0,0.0
2024-09-13 05:00:00+08:00,40.59245997876637,0.0
2024-09-13 06:00:00+08:00,30.03842038428711,0.0
2024-09-13 07:00:00+08:00,20.296229989383185,0.0
2024-09-13 08:00:00+08:00,29.226571184711787,0.0
2024-09-13 09:00:00+08:00,75.50197556050546,0.0
2024-09-13 10:00:00+08:00,54.39389637154694,0.0
2024-09-13 11:00:00+08:00,46.27540437579366,0.0
2024-09-13 12:00:00+08:00,53.58204717197162,0.0
2024-09-13 13:00:00+08:00,47.89910277494432,0.0
2024-09-13 14:00:00+08:00,30.03842038428711,0.0
2024-09-13 15:00:00+08:00,27.602872785561132,0.0
2024-09-13 16:00:00+08:00,23.543626787684495,0.0
2024-09-13 17:00:00+08:00,23.543626787684495,0.0
2024-09-13 18:00:00+08:00,19.484380789807858,0.0
2024-09-13 19:00:00+08:00,20.296229989383185,0.0
2024-09-13 20:00:00+08:00,16.23698399150655,0.0
2024-09-13 21:00:00+08:00,19.484380789807858,0.0
2024-09-13 22:00:00+08:00,22.731777588109168,0.0
2024-09-13 23:00:00+08:00,23.543626787684495,0.0
2024-09-14 00:00:00+08:00,0.0,0.0
2024-09-14 01:00:00+08:00,22.731777588109168,0.0
2024-09-14 02:00:00+08:00,0.0,0.0
2024-09-14 03:00:00+08:00,0.0,0.0
2024-09-14 04:00:00+08:00,0.0,0.0
2024-09-14 05:00:00+08:00,49.52280117409497,0.0
2024-09-14 06:00:00+08:00,31.66211878343777,0.0
2024-09-14 07:00:00+08:00,19.484380789807858,0.0
2024-09-14 08:00:00+08:00,12.989587193205237,0.0
2024-09-14 09:00:00+08:00,20.296229989383185,0.0
2024-09-14 10:00:00+08:00,14.613285592355894,0.0
2024-09-14 11:00:00+08:00,9.742190394903929,0.0
2024-09-14 12:00:00+08:00,8.930341195328602,0.0
2024-09-14 13:00:00+08:00,12.989587193205237,0.0
2024-09-14 14:00:00+08:00,12.177737993629911,0.0
2024-09-14 15:00:00+08:00,12.989587193205237,0.0
2024-09-14 16:00:00+08:00,13.801436392780566,0.0
2024-09-14 17:00:00+08:00,9.742190394903929,0.0
2024-09-14 18:00:00+08:00,8.930341195328602,0.0
2024-09-14 19:00:00+08:00,12.177737993629911,0.0
2024-09-14 20:00:00+08:00,12.177737993629911,0.0
2024-09-14 21:00:00+08:00,6.4947935966026185,0.0
2024-09-14 22:00:00+08:00,11.365888794054584,0.0
2024-09-14 23:00:00+08:00,11.365888794054584,0.0
2024-09-15 00:00:00+08:00,13.801436392780566,0.0
2024-09-15 01:00:00+08:00,15.425134791931223,0.0
2024-09-15 02:00:00+08:00,0.0,0.0
2024-09-15 03:00:00+08:00,0.0,0.0
2024-09-15 04:00:00+08:00,0.0,0.0
2024-09-15 05:00:00+08:00,0.0,0.0
2024-09-15 06:00:00+08:00,0.0,0.0
2024-09-15 07:00:00+08:00,0.0,0.0
2024-09-15 08:00:00+08:00,0.0,0.0
2024-09-15 09:00:00+08:00,10.534531203361919,0.0
2024-09-15 10:00:00+08:00,15.396622527990496,0.0
2024-09-15 11:00:00+08:00,12.965576865676208,0.0
2024-09-15 12:00:00+08:00,9.724182649257155,0.0
2024-09-15 13:00:00+08:00,11.344879757466682,0.0
2024-09-15 14:00:00+08:00,16.20697108209526,0.0
2024-09-15 15:00:00+08:00,12.155228311571445,0.0
2024-09-15 16:00:00+08:00,8.913834095152394,0.0
2024-09-15 17:00:00+08:00,12.965576865676208,0.0
2024-09-15 18:00:00+08:00,11.344879757466682,0.0
2024-09-15 19:00:00+08:00,12.155228311571445,0.0
2024-09-15 20:00:00+08:00,11.344879757466682,0.0
2024-09-15 21:00:00+08:00,15.396622527990496,0.0
2024-09-15 22:00:00+08:00,12.965576865676208,0.0
2024-09-15 23:00:00+08:00,16.20697108209526,0.0
2024-09-16 00:00:00+08:00,10.534531203361919,0.0
2024-09-16 01:00:00+08:00,0.0,0.0
2024-09-16 02:00:00+08:00,0.0,0.0
2024-09-16 03:00:00+08:00,0.0,0.0
2024-09-16 04:00:00+08:00,0.0,0.0
2024-09-16 05:00:00+08:00,0.0,0.0
2024-09-16 06:00:00+08:00,32.41394216419052,0.0
2024-09-16 07:00:00+08:00,0.0,0.0
2024-09-16 08:00:00+08:00,24.31045662314289,0.0
2024-09-16 09:00:00+08:00,81.0348554104763,0.0
2024-09-16 10:00:00+08:00,54.29335312501913,0.0
2024-09-16 11:00:00+08:00,47.000216138076254,0.0
2024-09-16 12:00:00+08:00,43.7588219216572,0.0
2024-09-16 13:00:00+08:00,51.05195890860007,0.0
2024-09-16 14:00:00+08:00,33.224290718295286,0.0
2024-09-16 15:00:00+08:00,21.069062406723837,0.0
2024-09-16 16:00:00+08:00,24.31045662314289,0.0
2024-09-16 17:00:00+08:00,15.396622527990496,0.0
2024-09-16 18:00:00+08:00,13.775925419780972,0.0
2024-09-16 19:00:00+08:00,14.586273973885735,0.0
2024-09-16 20:00:00+08:00,17.827668190304788,0.0
2024-09-16 21:00:00+08:00,22.689759514933364,0.0
2024-09-16 22:00:00+08:00,18.63801674440955,0.0
2024-09-16 23:00:00+08:00,20.258713852619074,0.0
2024-09-17 00:00:00+08:00,13.775925419780972,0.0
2024-09-17 01:00:00+08:00,13.775925419780972,0.0
2024-09-17 02:00:00+08:00,20.258713852619074,0.0
2024-09-17 03:00:00+08:00,0.0,0.0
2024-09-17 04:00:00+08:00,0.0,0.0
2024-09-17 05:00:00+08:00,0.0,0.0
2024-09-17 06:00:00+08:00,0.0,0.0
2024-09-17 07:00:00+08:00,17.017319636200025,0.0
2024-09-17 08:00:00+08:00,19.44836529851431,0.0
2024-09-17 09:00:00+08:00,16.20697108209526,0.0
2024-09-17 10:00:00+08:00,14.586273973885735,0.0
2024-09-17 11:00:00+08:00,13.775925419780972,0.0
2024-09-17 12:00:00+08:00,18.63801674440955,0.0
2024-09-17 13:00:00+08:00,12.155228311571445,0.0
2024-09-17 14:00:00+08:00,5.672439878733341,0.0
2024-09-17 15:00:00+08:00,6.482788432838104,0.0
2024-09-17 16:00:00+08:00,15.396622527990496,0.0
2024-09-17 17:00:00+08:00,11.344879757466682,0.0
2024-09-17 18:00:00+08:00,8.10348554104763,0.0
2024-09-17 19:00:00+08:00,10.534531203361919,0.0
2024-09-17 20:00:00+08:00,15.396622527990496,0.0
2024-09-17 21:00:00+08:00,13.775925419780972,0.0
2024-09-17 22:00:00+08:00,18.63801674440955,0.0
2024-09-17 23:00:00+08:00,14.586273973885735,0.0
2024-09-18 00:00:00+08:00,13.775925419780972,0.0
2024-09-18 01:00:00+08:00,0.0,0.0
2024-09-18 02:00:00+08:00,0.0,0.0
2024-09-18 03:00:00+08:00,0.0,0.0
2024-09-18 04:00:00+08:00,65.63823288248581,0.0
2024-09-18 05:00:00+08:00,0.0,0.0
2024-09-18 06:00:00+08:00,0.0,0.0
2024-09-18 07:00:00+08:00,21.8794109608286,0.0
2024-09-18 08:00:00+08:00,21.8794109608286,0.0
2024-09-18 09:00:00+08:00,67.90631996902034,0.0
2024-09-18 10:00:00+08:00,53.82818046324785,0.0
2024-09-18 11:00:00+08:00,53.00005460996711,0.0
2024-09-18 12:00:00+08:00,53.82818046324785,0.0
2024-09-18 13:00:00+08:00,51.34380290340563,0.0
2024-09-18 14:00:00+08:00,30.640656571387233,0.0
2024-09-18 15:00:00+08:00,24.843775598422077,0.0
2024-09-18 16:00:00+08:00,22.359398038579872,0.0
2024-09-18 17:00:00+08:00,24.843775598422077,0.0
2024-09-18 18:00:00+08:00,14.078139505772514,0.0
2024-09-18 19:00:00+08:00,19.875020478737664,0.0
2024-09-18 20:00:00+08:00,19.046894625456925,0.0
2024-09-18 21:00:00+08:00,22.359398038579872,0.0
2024-09-18 22:00:00+08:00,27.328153158264286,0.0
2024-09-18 23:00:00+08:00,20.7031463320184,0.0
2024-09-19 00:00:00+08:00,30.640656571387233,0.0
2024-09-19 01:00:00+08:00,15.734391212333984,0.0
2024-09-19 02:00:00+08:00,25.671901451702816,0.0
2024-09-19 03:00:00+08:00,0.0,0.0
2024-09-19 04:00:00+08:00,0.0,0.0
2024-09-19 05:00:00+08:00,48.031299490282684,0.0
2024-09-19 06:00:00+08:00,0.0,0.0
2024-09-19 07:00:00+08:00,24.843775598422077,0.0
2024-09-19 08:00:00+08:00,26.500027304983554,0.0
2024-09-19 09:00:00+08:00,74.53132679526624,0.0
2024-09-19 10:00:00+08:00,59.62506143621299,0.0
2024-09-19 11:00:00+08:00,51.34380290340563,0.0
2024-09-19 12:00:00+08:00,53.00005460996711,0.0
2024-09-19 13:00:00+08:00,48.85942534356342,0.0
2024-09-19 14:00:00+08:00,30.640656571387233,0.0
2024-09-19 15:00:00+08:00,28.98440486482576,0.0
2024-09-19 16:00:00+08:00,28.156279011545028,0.0
2024-09-19 17:00:00+08:00,21.531272185299134,0.0
2024-09-19 18:00:00+08:00,24.843775598422077,0.0
2024-09-19 19:00:00+08:00,24.843775598422077,0.0
2024-09-19 20:00:00+08:00,19.046894625456925,0.0
2024-09-19 21:00:00+08:00,28.156279011545028,0.0
2024-09-19 22:00:00+08:00,24.015649745141342,0.0
2024-09-19 23:00:00+08:00,20.7031463320184,0.0
2024-09-20 00:00:00+08:00,24.015649745141342,0.0
2024-09-20 01:00:00+08:00,19.046894625456925,0.0
2024-09-20 02:00:00+08:00,0.0,0.0
2024-09-20 03:00:00+08:00,0.0,0.0
2024-09-20 04:00:00+08:00,0.0,0.0
2024-09-20 05:00:00+08:00,0.0,0.0
2024-09-20 06:00:00+08:00,22.359398038579872,0.0
2024-09-20 07:00:00+08:00,26.500027304983554,0.0
2024-09-20 08:00:00+08:00,36.43753754435238,0.0
2024-09-20 09:00:00+08:00,82.8125853280736,0.0
2024-09-20 10:00:00+08:00,71.2188233821433,0.0
2024-09-20 11:00:00+08:00,52.171928756686356,0.0
2024-09-20 12:00:00+08:00,59.62506143621299,0.0
2024-09-20 13:00:00+08:00,58.79693558293225,0.0
2024-09-20 14:00:00+08:00,36.43753754435238,0.0
2024-09-20 15:00:00+08:00,21.531272185299134,0.0
2024-09-20 16:00:00+08:00,19.875020478737664,0.0
2024-09-20 17:00:00+08:00,19.046894625456925,0.0
2024-09-20 18:00:00+08:00,19.046894625456925,0.0
2024-09-20 19:00:00+08:00,14.906265359053247,0.0
2024-09-20 20:00:00+08:00,23.187523891860607,0.0
2024-09-20 21:00:00+08:00,19.046894625456925,0.0
2024-09-20 22:00:00+08:00,19.875020478737664,0.0
2024-09-20 23:00:00+08:00,19.046894625456925,0.0
2024-09-21 00:00:00+08:00,14.906265359053247,0.0
2024-09-21 01:00:00+08:00,16.56251706561472,0.0
2024-09-21 02:00:00+08:00,0.0,0.0
2024-09-21 03:00:00+08:00,0.0,0.0
2024-09-21 04:00:00+08:00,0.0,0.0
2024-09-21 05:00:00+08:00,0.0,0.0
2024-09-21 06:00:00+08:00,24.843775598422077,0.0
2024-09-21 07:00:00+08:00,0.0,0.0
2024-09-21 08:00:00+08:00,14.078139505772514,0.0
2024-09-21 09:00:00+08:00,28.156279011545017,0.0
2024-09-21 10:00:00+08:00,17.390642918895452,0.0
2024-09-21 11:00:00+08:00,16.562517065614717,0.0
2024-09-21 12:00:00+08:00,14.906265359053245,0.0
2024-09-21 13:00:00+08:00,14.078139505772508,0.0
2024-09-21 14:00:00+08:00,12.421887799211039,0.0
2024-09-21 15:00:00+08:00,15.734391212333982,0.0
2024-09-21 16:00:00+08:00,11.593761945930302,0.0
2024-09-21 17:00:00+08:00,18.21876877217619,0.0
2024-09-21 18:00:00+08:00,13.250013652491774,0.0
2024-09-21 19:00:00+08:00,9.93751023936883,0.0
2024-09-21 20:00:00+08:00,10.765636092649565,0.0
2024-09-21 21:00:00+08:00,11.593761945930302,0.0
2024-09-21 22:00:00+08:00,14.906265359053245,0.0
2024-09-21 23:00:00+08:00,9.93751023936883,0.0
2024-09-22 00:00:00+08:00,8.281258532807358,0.0
2024-09-22 01:00:00+08:00,0.0,0.0
2024-09-22 02:00:00+08:00,0.0,0.0
2024-09-22 03:00:00+08:00,0.0,0.0
2024-09-22 04:00:00+08:00,0.0,0.0
2024-09-22 05:00:00+08:00,0.0,0.0
2024-09-22 06:00:00+08:00,0.0,0.0
2024-09-22 07:00:00+08:00,0.0,0.0
2024-09-22 08:00:00+08:00,14.078139505772508,0.0
2024-09-22 09:00:00+08:00,13.250013652491774,0.0
2024-09-22 10:00:00+08:00,9.93751023936883,0.0
2024-09-22 11:00:00+08:00,5.796880972965151,0.0
2024-09-22 12:00:00+08:00,8.281258532807358,0.0
2024-09-22 13:00:00+08:00,14.078139505772508,0.0
2024-09-22 14:00:00+08:00,7.453132679526623,0.0
2024-09-22 15:00:00+08:00,10.765636092649565,0.0
2024-09-22 16:00:00+08:00,10.765636092649565,0.0
2024-09-22 17:00:00+08:00,13.250013652491774,0.0
2024-09-22 18:00:00+08:00,10.765636092649565,0.0
2024-09-22 19:00:00+08:00,12.421887799211039,0.0
2024-09-22 20:00:00+08:00,13.250013652491774,0.0
2024-09-22 21:00:00+08:00,10.765636092649565,0.0
2024-09-22 22:00:00+08:00,11.593761945930302,0.0
2024-09-22 23:00:00+08:00,16.562517065614717,0.0
2024-09-23 00:00:00+08:00,17.390642918895452,0.0
2024-09-23 01:00:00+08:00,14.906265359053245,0.0
2024-09-23 02:00:00+08:00,0.0,0.0
2024-09-23 03:00:00+08:00,0.0,0.0
2024-09-23 04:00:00+08:00,0.0,0.0
2024-09-23 05:00:00+08:00,0.0,0.0
2024-09-23 06:00:00+08:00,0.0,0.0
2024-09-23 07:00:00+08:00,26.500027304983547,0.0
2024-09-23 08:00:00+08:00,24.843775598422077,0.0
2024-09-23 09:00:00+08:00,80.32820776823138,0.0
2024-09-23 10:00:00+08:00,62.93756484933593,0.0
2024-09-23 11:00:00+08:00,53.000054609967094,0.0
2024-09-23 12:00:00+08:00,62.10943899605519,0.0
2024-09-23 13:00:00+08:00,53.000054609967094,0.0
2024-09-23 14:00:00+08:00,32.296908277948695,0.0
2024-09-23 15:00:00+08:00,26.500027304983547,0.0
2024-09-23 16:00:00+08:00,24.01564974514134,0.0
2024-09-23 17:00:00+08:00,19.87502047873766,0.0
2024-09-23 18:00:00+08:00,17.390642918895452,0.0
2024-09-23 19:00:00+08:00,23.187523891860604,0.0
2024-09-23 20:00:00+08:00,15.734391212333982,0.0
2024-09-23 21:00:00+08:00,17.390642918895452,0.0
2024-09-23 22:00:00+08:00,24.843775598422077,0.0
2024-09-23 23:00:00+08:00,25.671901451702812,0.0
2024-09-24 00:00:00+08:00,15.734391212333982,0.0
2024-09-24 01:00:00+08:00,24.843775598422077,0.0
2024-09-24 02:00:00+08:00,0.0,0.0
2024-09-24 03:00:00+08:00,0.0,0.0
2024-09-24 04:00:00+08:00,0.0,0.0
2024-09-24 05:00:00+08:00,0.0,0.0
2024-09-24 06:00:00+08:00,0.0,0.0
2024-09-24 07:00:00+08:00,22.35939803857987,0.0
2024-09-24 08:00:00+08:00,21.53127218529913,0.0
2024-09-24 09:00:00+08:00,68.05736179131682,0.0
2024-09-24 10:00:00+08:00,66.19277653676019,0.0
2024-09-24 11:00:00+08:00,51.27609450030719,0.0
2024-09-24 12:00:00+08:00,53.14067975486382,0.0
2024-09-24 13:00:00+08:00,49.41150924575057,0.0
2024-09-24 14:00:00+08:00,34.49482720929757,0.0
2024-09-24 15:00:00+08:00,25.17190093651444,0.0
2024-09-24 16:00:00+08:00,25.17190093651444,0.0
2024-09-24 17:00:00+08:00,23.307315681957817,0.0
2024-09-24 18:00:00+08:00,21.44273042740119,0.0
2024-09-24 19:00:00+08:00,20.51043780012288,0.0
2024-09-24 20:00:00+08:00,28.90107144562769,0.0
2024-09-24 21:00:00+08:00,27.03648619107107,0.0
2024-09-24 22:00:00+08:00,27.03648619107107,0.0
2024-09-24 23:00:00+08:00,19.578145172844565,0.0
2024-09-25 00:00:00+08:00,25.17190093651444,0.0
2024-09-25 01:00:00+08:00,28.90107144562769,0.0
2024-09-25 02:00:00+08:00,23.307315681957817,0.0
2024-09-25 03:00:00+08:00,41.02087560024576,0.0
2024-09-25 04:00:00+08:00,0.0,0.0
2024-09-25 05:00:00+08:00,0.0,0.0
2024-09-25 06:00:00+08:00,21.44273042740119,0.0
2024-09-25 07:00:00+08:00,32.630241954740946,0.0
2024-09-25 08:00:00+08:00,29.833364072906004,0.0
2024-09-25 09:00:00+08:00,93.22926272783127,0.0
2024-09-25 10:00:00+08:00,55.00526500942045,0.0
2024-09-25 11:00:00+08:00,63.39589865492526,0.0
2024-09-25 12:00:00+08:00,56.86985026397707,0.0
2024-09-25 13:00:00+08:00,54.07297238214214,0.0
2024-09-25 14:00:00+08:00,39.15629034568913,0.0
2024-09-25 15:00:00+08:00,31.69794932746263,0.0
2024-09-25 16:00:00+08:00,28.90107144562769,0.0
2024-09-25 17:00:00+08:00,20.51043780012288,0.0
2024-09-25 18:00:00+08:00,19.578145172844565,0.0
2024-09-25 19:00:00+08:00,27.03648619107107,0.0
2024-09-25 20:00:00+08:00,28.90107144562769,0.0
2024-09-25 21:00:00+08:00,29.833364072906004,0.0
2024-09-25 22:00:00+08:00,26.104193563792755,0.0
2024-09-25 23:00:00+08:00,29.833364072906004,0.0
2024-09-26 00:00:00+08:00,32.630241954740946,0.0
2024-09-26 01:00:00+08:00,15.848974663731315,0.0
2024-09-26 02:00:00+08:00,47.54692399119394,0.0
2024-09-26 03:00:00+08:00,0.0,0.0
2024-09-26 04:00:00+08:00,0.0,0.0
2024-09-26 05:00:00+08:00,43.8177534820807,0.0
2024-09-26 06:00:00+08:00,41.95316822752407,0.0
2024-09-26 07:00:00+08:00,38.22399771841082,0.0
2024-09-26 08:00:00+08:00,39.15629034568913,0.0
2024-09-26 09:00:00+08:00,93.22926272783127,0.0
2024-09-26 10:00:00+08:00,71.78653230043007,0.0
2024-09-26 11:00:00+08:00,54.07297238214214,0.0
2024-09-26 12:00:00+08:00,60.59902077309033,0.0
2024-09-26 13:00:00+08:00,69.92194704587345,0.0
2024-09-26 14:00:00+08:00,35.42711983657588,0.0
2024-09-26 15:00:00+08:00,27.03648619107107,0.0
2024-09-26 16:00:00+08:00,28.90107144562769,0.0
2024-09-26 17:00:00+08:00,27.03648619107107,0.0
2024-09-26 18:00:00+08:00,22.375023054679502,0.0
2024-09-26 19:00:00+08:00,21.44273042740119,0.0
2024-09-26 20:00:00+08:00,24.23960830923613,0.0
2024-09-26 21:00:00+08:00,24.23960830923613,0.0
2024-09-26 22:00:00+08:00,27.968778818349378,0.0
2024-09-26 23:00:00+08:00,35.42711983657588,0.0
2024-09-27 00:00:00+08:00,31.69794932746263,0.0
2024-09-27 01:00:00+08:00,25.17190093651444,0.0
2024-09-27 02:00:00+08:00,0.0,0.0
2024-09-27 03:00:00+08:00,0.0,0.0
2024-09-27 04:00:00+08:00,0.0,0.0
2024-09-27 05:00:00+08:00,0.0,0.0
2024-09-27 06:00:00+08:00,32.630241954740946,0.0
2024-09-27 07:00:00+08:00,41.02087560024576,0.0
2024-09-27 08:00:00+08:00,30.76565670018432,0.0
2024-09-27 09:00:00+08:00,93.9600632195388,0.0
2024-09-27 10:00:00+08:00,71.40964804684948,0.0
2024-09-27 11:00:00+08:00,57.31563856391866,0.0
2024-09-27 12:00:00+08:00,64.83244362148177,0.0
2024-09-27 13:00:00+08:00,54.4968366673325,0.0
2024-09-27 14:00:00+08:00,33.82562275903396,0.0
2024-09-27 15:00:00+08:00,23.4900158048847,0.0
2024-09-27 16:00:00+08:00,29.127619598057024,0.0
2024-09-27 17:00:00+08:00,25.369217069275475,0.0
2024-09-27 18:00:00+08:00,24.429616437080085,0.0
2024-09-27 19:00:00+08:00,20.671213908298533,0.0
2024-09-27 20:00:00+08:00,26.30881770147086,0.0
2024-09-27 21:00:00+08:00,21.610814540493923,0.0
2024-09-27 22:00:00+08:00,31.94642149464319,0.0
2024-09-27 23:00:00+08:00,26.30881770147086,0.0
2024-09-28 00:00:00+08:00,19.731613276103147,0.0
2024-09-28 01:00:00+08:00,25.369217069275475,0.0
2024-09-28 02:00:00+08:00,0.0,0.0
2024-09-28 03:00:00+08:00,0.0,0.0
2024-09-28 04:00:00+08:00,0.0,0.0
2024-09-28 05:00:00+08:00,0.0,0.0
2024-09-28 06:00:00+08:00,0.0,0.0
2024-09-28 07:00:00+08:00,0.0,0.0
2024-09-28 08:00:00+08:00,19.731613276103147,0.0
2024-09-28 09:00:00+08:00,18.792012643907757,0.0
2024-09-28 10:00:00+08:00,12.214808218540043,0.0
2024-09-28 11:00:00+08:00,16.91281137951698,0.0
2024-09-28 12:00:00+08:00,16.91281137951698,0.0
2024-09-28 13:00:00+08:00,14.094009482930819,0.0
2024-09-28 14:00:00+08:00,13.15440885073543,0.0
2024-09-28 15:00:00+08:00,11.275207586344655,0.0
2024-09-28 16:00:00+08:00,13.15440885073543,0.0
2024-09-28 17:00:00+08:00,7.5168050575631025,0.0
2024-09-28 18:00:00+08:00,10.335606954149267,0.0
2024-09-28 19:00:00+08:00,12.214808218540043,0.0
2024-09-28 20:00:00+08:00,17.85241201171237,0.0
2024-09-28 21:00:00+08:00,18.792012643907757,0.0
2024-09-28 22:00:00+08:00,15.033610115126205,0.0
2024-09-28 23:00:00+08:00,16.91281137951698,0.0
2024-09-29 00:00:00+08:00,8.45640568975849,0.0
2024-09-29 01:00:00+08:00,15.033610115126205,0.0
2024-09-29 02:00:00+08:00,23.4900158048847,0.0
2024-09-29 03:00:00+08:00,0.0,0.0
2024-09-29 04:00:00+08:00,0.0,0.0
2024-09-29 05:00:00+08:00,0.0,0.0
2024-09-29 06:00:00+08:00,0.0,0.0
2024-09-29 07:00:00+08:00,24.429616437080085,0.0
2024-09-29 08:00:00+08:00,13.15440885073543,0.0
2024-09-29 09:00:00+08:00,11.275207586344655,0.0
2024-09-29 10:00:00+08:00,15.973210747321595,0.0
2024-09-29 11:00:00+08:00,19.731613276103147,0.0
2024-09-29 12:00:00+08:00,12.214808218540043,0.0
2024-09-29 13:00:00+08:00,14.094009482930819,0.0
2024-09-29 14:00:00+08:00,11.275207586344655,0.0
2024-09-29 15:00:00+08:00,6.577204425367715,0.0
2024-09-29 16:00:00+08:00,13.15440885073543,0.0
2024-09-29 17:00:00+08:00,12.214808218540043,0.0
2024-09-29 18:00:00+08:00,9.396006321953879,0.0
2024-09-29 19:00:00+08:00,15.973210747321595,0.0
2024-09-29 20:00:00+08:00,13.15440885073543,0.0
2024-09-29 21:00:00+08:00,13.15440885073543,0.0
2024-09-29 22:00:00+08:00,14.094009482930819,0.0
2024-09-29 23:00:00+08:00,14.094009482930819,0.0
2024-09-30 00:00:00+08:00,14.094009482930819,0.0
2024-09-30 01:00:00+08:00,0.0,0.0
2024-09-30 02:00:00+08:00,0.0,0.0
2024-09-30 03:00:00+08:00,0.0,0.0
2024-09-30 04:00:00+08:00,0.0,0.0
2024-09-30 05:00:00+08:00,0.0,0.0
2024-09-30 06:00:00+08:00,19.731613276103147,0.0
2024-09-30 07:00:00+08:00,21.610814540493923,0.0
2024-09-30 08:00:00+08:00,21.610814540493923,0.0
2024-09-30 09:00:00+08:00,82.32245707238945,0.0
2024-09-30 10:00:00+08:00,58.20779792997235,0.0
2024-09-30 11:00:00+08:00,45.7346983735497,0.0
2024-09-30 12:00:00+08:00,55.71317801868781,0.0
2024-09-30 13:00:00+08:00,55.71317801868781,0.0
2024-09-30 14:00:00+08:00,31.5985188762707,0.0
2024-09-30 15:00:00+08:00,27.440819024129816,0.0
2024-09-30 16:00:00+08:00,26.60927905370164,0.0
2024-09-30 17:00:00+08:00,17.4623393789917,0.0
2024-09-30 18:00:00+08:00,18.29387934941988,0.0
2024-09-30 19:00:00+08:00,22.45157920156076,0.0
2024-09-30 20:00:00+08:00,14.967719467707175,0.0
2024-09-30 21:00:00+08:00,21.620039231132584,0.0
2024-09-30 22:00:00+08:00,19.125419319848056,0.0
2024-09-30 23:00:00+08:00,17.4623393789917,0.0
2024-10-01 00:00:00+08:00,21.620039231132584,0.0
2024-10-01 01:00:00+08:00,15.79925943813535,0.0
2024-10-01 02:00:00+08:00,23.283119171988936,0.0
2024-10-01 03:00:00+08:00,0.0,0.0
2024-10-01 04:00:00+08:00,0.0,0.0
2024-10-01 05:00:00+08:00,0.0,0.0
2024-10-01 06:00:00+08:00,22.45157920156076,0.0
2024-10-01 07:00:00+08:00,23.283119171988936,0.0
2024-10-01 08:00:00+08:00,25.777739083273467,0.0
2024-10-01 09:00:00+08:00,83.15399704281762,0.0
2024-10-01 10:00:00+08:00,50.72393819611876,0.0
2024-10-01 11:00:00+08:00,44.07161843269334,0.0
2024-10-01 12:00:00+08:00,49.89239822569058,0.0
2024-10-01 13:00:00+08:00,40.745458550980636,0.0
2024-10-01 14:00:00+08:00,30.766978905842524,0.0
2024-10-01 15:00:00+08:00,23.283119171988936,0.0
2024-10-01 16:00:00+08:00,16.630799408563526,0.0
2024-10-01 17:00:00+08:00,17.4623393789917,0.0
2024-10-01 18:00:00+08:00,20.788499260704405,0.0
2024-10-01 19:00:00+08:00,19.95695929027623,0.0
2024-10-01 20:00:00+08:00,11.641559585994468,0.0
2024-10-01 21:00:00+08:00,18.29387934941988,0.0
2024-10-01 22:00:00+08:00,20.788499260704405,0.0
2024-10-01 23:00:00+08:00,18.29387934941988,0.0
2024-10-02 00:00:00+08:00,15.79925943813535,0.0
2024-10-02 01:00:00+08:00,19.95695929027623,0.0
2024-10-02 02:00:00+08:00,22.45157920156076,0.0
2024-10-02 03:00:00+08:00,0.0,0.0
2024-10-02 04:00:00+08:00,0.0,0.0
2024-10-02 05:00:00+08:00,0.0,0.0
2024-10-02 06:00:00+08:00,0.0,0.0
2024-10-02 07:00:00+08:00,17.4623393789917,0.0
2024-10-02 08:00:00+08:00,22.45157920156076,0.0
2024-10-02 09:00:00+08:00,11.641559585994468,0.0
2024-10-02 10:00:00+08:00,21.620039231132584,0.0
2024-10-02 11:00:00+08:00,18.29387934941988,0.0
2024-10-02 12:00:00+08:00,14.967719467707175,0.0
2024-10-02 13:00:00+08:00,15.79925943813535,0.0
2024-10-02 14:00:00+08:00,11.641559585994468,0.0
2024-10-02 15:00:00+08:00,13.30463952685082,0.0
2024-10-02 16:00:00+08:00,14.967719467707175,0.0
2024-10-02 17:00:00+08:00,10.810019615566292,0.0
2024-10-02 18:00:00+08:00,10.810019615566292,0.0
2024-10-02 19:00:00+08:00,9.978479645138115,0.0
2024-10-02 20:00:00+08:00,11.641559585994468,0.0
2024-10-02 21:00:00+08:00,14.967719467707175,0.0
2024-10-02 22:00:00+08:00,19.95695929027623,0.0
2024-10-02 23:00:00+08:00,19.125419319848056,0.0
2024-10-03 00:00:00+08:00,17.4623393789917,0.0
2024-10-03 01:00:00+08:00,13.30463952685082,0.0
2024-10-03 02:00:00+08:00,0.0,0.0
2024-10-03 03:00:00+08:00,0.0,0.0
2024-10-03 04:00:00+08:00,0.0,0.0
2024-10-03 05:00:00+08:00,0.0,0.0
2024-10-03 06:00:00+08:00,0.0,0.0
2024-10-03 07:00:00+08:00,25.777739083273467,0.0
2024-10-03 08:00:00+08:00,15.79925943813535,0.0
